{
    "Uncertainty": {"b01": 0.00510, "b02": 0.00560, "b03": 0.00959, "b04": 0.00588, "b05": 0.00628, "b06": 0.00429, "b07": 0.00422},
    "ModelParams": {"N"  :   {"default":  1.5,   "lb":  1.0,   "ub":  4.0}, 
                    "Cab":   {"default": 50.0,   "lb": 20.0,   "ub": 80.0},
                    "Cw":    {"default":  0.015, "lb":  0.005, "ub":  0.04},
                    "Cm":    {"default":  0.005, "lb":  0.002, "ub":  0.2},
                    "LAI":   {"default":  1.5,   "lb":  0.0,   "ub":  5.0},
                    "LIDFa": {"default": 57.0,   "lb": 20.0,   "ub": 60.0},
                    "hspot": {"default":  0.2,   "lb":  0.01,  "ub":  1.0},
                    "psoil": {"default":  0.1,   "lb":  0.01,  "ub":  0.3}}
}
